instant,date,year,season,month,weekday,holiday,workday,weathersit,temp,atemp,humidity,windspeed,casual,registered,cnt
1,2011/1/1,2011,1,1,6,0,0,2,14.11,18.18,80.58,5.94,331,654,985
2,2011/1/2,2011,1,1,0,0,0,2,14.9,17.69,69.61,9.2,131,670,801
3,2011/1/3,2011,1,1,1,0,1,1,8.05,9.47,43.73,9.19,120,1229,1349
4,2011/1/4,2011,1,1,2,0,1,1,8.2,10.61,59.04,5.93,108,1454,1562
5,2011/1/5,2011,1,1,3,0,1,1,9.31,11.46,43.7,6.92,82,1518,1600
6,2011/1/6,2011,1,1,4,0,1,1,8.38,11.66,51.83,3.31,88,1518,1606
7,2011/1/7,2011,1,1,5,0,1,2,8.06,10.44,49.87,6.24,148,1362,1510
8,2011/1/8,2011,1,1,6,0,0,2,6.77,8.11,53.58,9.87,68,891,959
9,2011/1/9,2011,1,1,0,0,0,1,5.67,5.81,43.42,13.39,54,768,822
10,2011/1/10,2011,1,1,1,0,1,1,6.18,7.54,48.29,8.26,41,1280,1321
11,2011/1/11,2011,1,1,2,0,1,2,6.93,9.57,68.64,4.52,43,1220,1263
12,2011/1/12,2011,1,1,3,0,1,1,7.08,8.02,59.95,11.27,25,1137,1162
13,2011/1/13,2011,1,1,4,0,1,1,6.77,7.54,47.04,11.14,38,1368,1406
14,2011/1/14,2011,1,1,5,0,1,1,6.6,9.42,53.78,4.68,54,1367,1421
15,2011/1/15,2011,1,1,6,0,0,2,9.57,12.41,49.88,5.84,222,1026,1248
16,2011/1/16,2011,1,1,0,0,0,1,9.5,11.71,48.38,6.97,251,953,1204
17,2011/1/17,2011,1,1,1,1,0,2,7.21,8.84,53.75,7.18,117,883,1000
18,2011/1/18,2011,1,1,2,0,1,2,8.88,11.62,86.17,5.43,9,674,683
19,2011/1/19,2011,1,1,3,0,1,2,11.98,14.92,74.17,7.71,78,1572,1650
20,2011/1/20,2011,1,1,4,0,1,2,10.73,12.75,53.83,7.25,83,1844,1927
21,2011/1/21,2011,1,1,5,0,1,1,7.28,7.89,45.71,13.07,75,1468,1543
22,2011/1/22,2011,1,1,6,0,0,1,2.42,3.95,40,6.36,93,888,981
23,2011/1/23,2011,1,1,0,0,0,1,3.96,4.94,43.65,9.12,150,836,986
24,2011/1/24,2011,1,1,1,0,1,1,3.99,5.9,49.17,5.86,86,1330,1416
25,2011/1/25,2011,1,1,2,0,1,2,9.16,11.73,61.7,4.8,186,1799,1985
26,2011/1/26,2011,1,1,3,0,1,3,8.92,10.18,86.25,10.87,34,472,506
27,2011/1/27,2011,1,1,4,0,1,1,8,10.99,68.75,4.21,15,416,431
28,2011/1/28,2011,1,1,5,0,1,2,8.34,11.17,79.3,4.56,38,1129,1167
29,2011/1/29,2011,1,1,6,0,0,1,8.06,10.61,65.17,5.38,123,975,1098
30,2011/1/30,2011,1,1,0,0,0,1,8.88,12.52,72.22,2.74,140,956,1096
31,2011/1/31,2011,1,1,1,0,1,2,7.41,9.31,60.38,6.93,42,1459,1501
32,2011/2/1,2011,1,2,2,0,1,2,7.88,11.73,82.96,1.97,47,1313,1360
33,2011/2/2,2011,1,2,3,0,1,2,10.66,12.72,77.54,9.78,72,1454,1526
34,2011/2/3,2011,1,2,4,0,1,1,7.67,8.89,43.78,10.28,61,1489,1550
35,2011/2/4,2011,1,2,5,0,1,2,8.66,11.43,58.52,4.73,88,1620,1708
36,2011/2/5,2011,1,2,6,0,0,2,9.57,12.15,92.92,5.96,100,905,1005
37,2011/2/6,2011,1,2,0,0,0,1,11.72,14.58,56.83,5.25,354,1269,1623
38,2011/2/7,2011,1,2,1,0,1,1,11.14,15.18,73.83,1.68,120,1592,1712
39,2011/2/8,2011,1,2,2,0,1,1,9.05,9.91,53.79,13.39,64,1466,1530
40,2011/2/9,2011,1,2,3,0,1,2,5.53,7.21,49.48,6.99,53,1552,1605
41,2011/2/10,2011,1,2,4,0,1,1,5.92,7.48,43.74,8.21,47,1491,1538
42,2011/2/11,2011,1,2,5,0,1,1,7.75,10.68,50.64,4.02,149,1597,1746
43,2011/2/12,2011,1,2,6,0,0,1,9.12,11.65,54.42,7.52,288,1184,1472
44,2011/2/13,2011,1,2,0,0,0,1,12.98,16.21,45.74,9.65,397,1192,1589
45,2011/2/14,2011,1,2,1,0,1,1,17.02,19.92,37.58,15.46,208,1705,1913
46,2011/2/15,2011,1,2,2,0,1,1,10.91,12.71,31.43,10.78,140,1675,1815
47,2011/2/16,2011,1,2,3,0,1,1,13.05,15.81,42.35,9.32,218,1897,2115
48,2011/2/17,2011,1,2,4,0,1,1,17.87,21.43,50.5,8.51,259,2216,2475
49,2011/2/18,2011,1,2,5,0,1,1,21.39,25.6,51.67,9.8,579,2348,2927
50,2011/2/19,2011,1,2,6,0,0,1,16.37,19.57,18.79,18.78,532,1103,1635
51,2011/2/20,2011,1,2,0,0,0,1,11.69,13.87,40.78,8.26,639,1173,1812
52,2011/2/21,2011,1,2,1,1,0,2,12.44,14.2,60.5,11.39,195,912,1107
53,2011/2/22,2011,1,2,2,0,1,1,7.47,9.3,57.78,7.24,74,1376,1450
54,2011/2/23,2011,1,2,3,0,1,1,9.09,12.29,42.3,3.48,139,1778,1917
55,2011/2/24,2011,1,2,4,0,1,2,12.12,14.46,69.74,9.27,100,1707,1807
56,2011/2/25,2011,1,2,5,0,1,2,14.94,17.52,71.22,12.82,120,1341,1461
57,2011/2/26,2011,1,2,6,0,0,1,11.58,14.11,53.79,6.9,424,1545,1969
58,2011/2/27,2011,1,2,0,0,0,1,14.08,17.56,68,4.63,694,1708,2402
59,2011/2/28,2011,1,2,1,0,1,2,16.7,20.01,87.64,10.72,81,1365,1446
60,2011/3/1,2011,1,3,2,0,1,1,10.93,13.19,53.5,8.01,137,1714,1851
61,2011/3/2,2011,1,3,3,0,1,1,13.74,16,44.96,11.39,231,1903,2134
62,2011/3/3,2011,1,3,4,0,1,1,8.13,10.01,31.83,8.35,123,1562,1685
63,2011/3/4,2011,1,3,5,0,1,2,10.73,12.78,61.04,7.52,214,1730,1944
64,2011/3/5,2011,1,3,6,0,0,2,15.75,18.94,78.92,9.32,640,1437,2077
65,2011/3/6,2011,1,3,0,0,0,2,15.44,18.31,94.83,12.7,114,491,605
66,2011/3/7,2011,1,3,1,0,1,1,10.73,11.92,55.13,12.63,244,1628,1872
67,2011/3/8,2011,1,3,2,0,1,1,11.99,15.12,42.08,4.46,316,1817,2133
68,2011/3/9,2011,1,3,3,0,1,2,12.13,14.33,77.54,8.15,191,1700,1891
69,2011/3/10,2011,1,3,4,0,1,3,15.95,19.28,0,9.69,46,577,623
70,2011/3/11,2011,1,3,5,0,1,2,12.98,15.25,64.96,8.62,247,1730,1977
71,2011/3/12,2011,1,3,6,0,0,1,13.5,16.29,59.46,8.17,724,1408,2132
72,2011/3/13,2011,1,3,0,0,0,1,15.76,19,52.74,10.01,982,1435,2417
73,2011/3/14,2011,1,3,1,0,1,1,13.33,16.6,49.7,5.07,359,1687,2046
74,2011/3/15,2011,1,3,2,0,1,2,13.01,15.91,65.57,6.82,289,1767,2056
75,2011/3/16,2011,1,3,3,0,1,2,14.97,18.35,77.65,7.52,321,1871,2192
76,2011/3/17,2011,1,3,4,0,1,1,17.02,20.52,60.29,7.75,424,2320,2744
77,2011/3/18,2011,1,3,5,0,1,1,22.14,26.35,52.52,8.55,884,2355,3239
78,2011/3/19,2011,1,3,6,0,0,1,19.37,23.33,37.92,13.62,1424,1693,3117
79,2011/3/20,2011,1,3,0,0,0,1,13.63,16.29,47.38,7.69,1047,1424,2471
80,2011/3/21,2011,2,3,1,0,1,2,17.65,20.49,73.74,10.68,401,1676,2077
81,2011/3/22,2011,2,3,2,0,1,1,18.11,22.03,62.46,8.35,460,2243,2703
82,2011/3/23,2011,2,3,3,0,1,2,14.23,16.9,83.96,8.67,203,1918,2121
83,2011/3/24,2011,2,3,4,0,1,2,11.69,13.54,80.58,9.02,166,1699,1865
84,2011/3/25,2011,2,3,5,0,1,1,10.83,12.82,49.5,8.54,300,1910,2210
85,2011/3/26,2011,2,3,6,0,0,1,10.9,12.88,39.42,7.75,981,1515,2496
86,2011/3/27,2011,2,3,0,0,0,2,10.37,12.52,49.39,6.82,472,1221,1693
87,2011/3/28,2011,2,3,1,0,1,1,10.84,12.88,30.22,7.85,222,1806,2028
88,2011/3/29,2011,2,3,2,0,1,1,12.4,14.65,31.42,8.4,317,2108,2425
89,2011/3/30,2011,2,3,3,0,1,2,12.3,14.87,64.67,6.4,168,1368,1536
90,2011/3/31,2011,2,3,4,0,1,3,11,12.88,91.83,8.05,179,1506,1685
91,2011/4/1,2011,2,4,5,0,1,2,12.3,14.17,68.63,9.57,307,1920,2227
92,2011/4/2,2011,2,4,6,0,0,2,12.92,15.78,65.38,7.29,898,1354,2252
93,2011/4/3,2011,2,4,0,0,0,1,15.51,18.94,48,6.74,1651,1598,3249
94,2011/4/4,2011,2,4,1,0,1,1,23.51,27.15,42.63,14.27,734,2381,3115
95,2011/4/5,2011,2,4,2,0,1,2,16.98,19.92,64.21,14.36,167,1628,1795
96,2011/4/6,2011,2,4,3,0,1,1,16.02,19.38,47.08,9.73,413,2395,2808
97,2011/4/7,2011,2,4,4,0,1,1,17.94,21.68,60.29,6.01,571,2570,3141
98,2011/4/8,2011,2,4,5,0,1,2,13.77,16.22,83.63,8.4,172,1299,1471
99,2011/4/9,2011,2,4,6,0,0,2,14.04,17.08,87.75,4.92,879,1576,2455
100,2011/4/10,2011,2,4,0,0,0,2,17.49,21.34,85.75,5.43,1188,1707,2895
101,2011/4/11,2011,2,4,1,0,1,2,24.42,28.26,71.7,12.01,855,2493,3348
102,2011/4/12,2011,2,4,2,0,1,2,20.6,24.65,73.92,10.17,257,1777,2034
103,2011/4/13,2011,2,4,3,0,1,2,16.91,20.86,81.92,9.27,209,1953,2162
104,2011/4/14,2011,2,4,4,0,1,1,19.17,23.14,54.04,4.1,529,2738,3267
105,2011/4/15,2011,2,4,5,1,0,1,18.31,22.1,67.13,8.38,642,2484,3126
106,2011/4/16,2011,2,4,6,0,0,3,17.66,21.27,88.83,12.61,121,674,795
107,2011/4/17,2011,2,4,0,0,0,1,18.72,22.28,47.96,11.23,1558,2186,3744
108,2011/4/18,2011,2,4,1,0,1,1,21.01,25.16,54.25,6.05,669,2760,3429
109,2011/4/19,2011,2,4,2,0,1,2,20.74,24.46,66.58,5.84,409,2795,3204
110,2011/4/20,2011,2,4,3,0,1,1,24.4,28.22,61.42,8.95,613,3331,3944
111,2011/4/21,2011,2,4,4,0,1,1,18.83,22.69,40.71,12.03,745,3444,4189
112,2011/4/22,2011,2,4,5,0,1,2,13.8,16.1,72.96,8.12,177,1506,1683
113,2011/4/23,2011,2,4,6,0,0,2,18.86,22.51,88.79,8.54,1462,2574,4036
114,2011/4/24,2011,2,4,0,0,0,2,23.85,27.59,81.08,7.11,1710,2481,4191
115,2011/4/25,2011,2,4,1,0,1,1,24.87,28.73,77.67,6.86,773,3300,4073
116,2011/4/26,2011,2,4,2,0,1,1,25.9,29.7,72.92,12.08,678,3722,4400
117,2011/4/27,2011,2,4,3,0,1,2,25.42,28.76,83.54,11.55,547,3325,3872
118,2011/4/28,2011,2,4,4,0,1,2,25.32,28.95,70.08,11.87,569,3489,4058
119,2011/4/29,2011,2,4,5,0,1,1,20.91,24.87,45.71,8.88,878,3717,4595
120,2011/4/30,2011,2,4,6,0,0,1,19.37,23.2,50.33,8.7,1965,3347,5312
121,2011/5/1,2011,2,5,0,0,0,2,18.52,22.41,76.21,3.94,1138,2213,3351
122,2011/5/2,2011,2,5,1,0,1,2,22.52,26.64,73,6.79,847,3554,4401
123,2011/5/3,2011,2,5,2,0,1,2,25.28,29.1,69.71,12.68,603,3848,4451
124,2011/5/4,2011,2,5,3,0,1,2,16.98,20.23,73.71,12.17,255,2378,2633
125,2011/5/5,2011,2,5,4,0,1,1,18.83,22.1,44.42,10.93,614,3819,4433
126,2011/5/6,2011,2,5,5,0,1,1,19.65,23.71,59,8.45,894,3714,4608
127,2011/5/7,2011,2,5,6,0,0,1,21.32,25.63,54.13,5.94,1612,3102,4714
128,2011/5/8,2011,2,5,0,0,0,1,21.66,25.95,63.17,2.76,1401,2932,4333
129,2011/5/9,2011,2,5,1,0,1,1,21.83,26.26,58.88,6.51,664,3698,4362
130,2011/5/10,2011,2,5,2,0,1,1,21.83,26.14,48.92,4.28,694,4109,4803
131,2011/5/11,2011,2,5,3,0,1,1,22.24,26.42,63.29,4.46,550,3632,4182
132,2011/5/12,2011,2,5,4,0,1,1,21.94,26.17,74.75,7.02,695,4169,4864
133,2011/5/13,2011,2,5,5,0,1,2,21.01,24.72,86.33,6.65,692,3413,4105
134,2011/5/14,2011,2,5,6,0,0,2,21.35,25.03,92.25,4.99,902,2507,3409
135,2011/5/15,2011,2,5,0,0,0,2,23.06,26.8,86.71,5.66,1582,2971,4553
136,2011/5/16,2011,2,5,1,0,1,1,23.68,27.53,78.79,4.69,773,3185,3958
137,2011/5/17,2011,2,5,2,0,1,2,23.03,26.93,83.79,10.26,678,3445,4123
138,2011/5/18,2011,2,5,3,0,1,2,22.55,26.36,87,7.46,536,3319,3855
139,2011/5/19,2011,2,5,4,0,1,2,21.76,25.54,82.96,4,735,3840,4575
140,2011/5/20,2011,2,5,5,0,1,1,22,26.45,71.96,4.63,909,4008,4917
141,2011/5/21,2011,2,5,6,0,0,1,24.7,28.6,62.67,4.46,2258,3547,5805
142,2011/5/22,2011,2,5,0,0,0,1,24.77,28.73,74.96,5.48,1576,3084,4660
143,2011/5/23,2011,2,5,1,0,1,2,25.9,29.51,81,8.65,836,3438,4274
144,2011/5/24,2011,2,5,2,0,1,2,27.06,30.24,74.08,7.66,659,3833,4492
145,2011/5/25,2011,2,5,3,0,1,1,27.09,30.78,69.63,5.71,740,4238,4978
146,2011/5/26,2011,2,5,4,0,1,1,29.04,32.73,67.75,7.39,758,3919,4677
147,2011/5/27,2011,2,5,5,0,1,1,27.95,31.85,65.38,8.91,871,3808,4679
148,2011/5/28,2011,2,5,6,0,0,1,26.89,30.62,72.96,8.51,2001,2757,4758
149,2011/5/29,2011,2,5,0,0,0,1,27.37,30.78,81.88,7.92,2355,2433,4788
150,2011/5/30,2011,2,5,1,1,0,1,30.07,33.55,68.5,4.86,1549,2549,4098
151,2011/5/31,2011,2,5,2,0,1,1,31.78,36.27,63.67,4.12,673,3309,3982
152,2011/6/1,2011,2,6,3,0,1,2,31.33,36.05,67.71,7.66,513,3461,3974
153,2011/6/2,2011,2,6,4,0,1,1,29.32,32.2,30.5,10.81,736,4232,4968
154,2011/6/3,2011,2,6,5,0,1,1,25.42,29.36,35.42,9.37,898,4414,5312
155,2011/6/4,2011,2,6,6,0,0,1,26.04,29.73,45.63,4.56,1869,3473,5342
156,2011/6/5,2011,2,6,0,0,0,2,26.58,30.84,65.25,5.13,1685,3221,4906
157,2011/6/6,2011,2,6,1,0,1,1,27.81,31.09,60,4.51,673,3875,4548
158,2011/6/7,2011,2,6,2,0,1,1,29.01,32.8,59.79,6.95,763,4070,4833
159,2011/6/8,2011,2,6,3,0,1,1,31.81,36.36,62.21,5.06,676,3725,4401
160,2011/6/9,2011,2,6,4,0,1,2,33.14,37.88,56.83,5.55,563,3352,3915
161,2011/6/10,2011,2,6,5,0,1,1,30.96,35.16,60.5,5.2,815,3771,4586
162,2011/6/11,2011,2,6,6,0,0,1,29.73,33.9,65.46,5.73,1729,3237,4966
163,2011/6/12,2011,2,6,0,0,0,1,28.39,32.17,74.79,6.05,1467,2993,4460
164,2011/6/13,2011,2,6,1,0,1,1,26.04,30.08,49.46,11.3,863,4157,5020
165,2011/6/14,2011,2,6,2,0,1,1,24.77,29.58,50.71,9.96,727,4164,4891
166,2011/6/15,2011,2,6,3,0,1,1,25.69,29.39,47.17,6.21,769,4411,5180
167,2011/6/16,2011,2,6,4,0,1,2,25.76,29.77,68.83,7.64,545,3222,3767
168,2011/6/17,2011,2,6,5,0,1,1,26.62,30.02,73.58,5.29,863,3981,4844
169,2011/6/18,2011,2,6,6,0,0,1,28.56,32.2,67.04,4.42,1807,3312,5119
170,2011/6/19,2011,2,6,0,0,0,2,28.67,32.29,66.67,3.77,1639,3105,4744
171,2011/6/20,2011,2,6,1,0,1,2,26.04,29.77,74.63,5.75,699,3311,4010
172,2011/6/21,2011,3,6,2,0,1,2,27.91,31.88,77.04,6.33,774,4061,4835
173,2011/6/22,2011,3,6,3,0,1,1,30.07,34.69,70.75,6.37,661,3846,4507
174,2011/6/23,2011,3,6,4,0,1,2,29.86,34.69,70.33,8.84,746,4044,4790
175,2011/6/24,2011,3,6,5,0,1,1,29.69,32.83,57.33,8.21,969,4022,4991
176,2011/6/25,2011,3,6,6,0,0,1,28.5,32.17,48.33,7.75,1782,3420,5202
177,2011/6/26,2011,3,6,0,0,0,1,27.88,31.88,51.33,3.5,1920,3385,5305
178,2011/6/27,2011,3,6,1,0,1,2,27.98,31.85,65.83,3.98,854,3854,4708
179,2011/6/28,2011,3,6,2,0,1,1,30.51,34.63,63.42,5.34,732,3916,4648
180,2011/6/29,2011,3,6,3,0,1,1,29.86,32.73,49.79,9.69,848,4377,5225
181,2011/6/30,2011,3,6,4,0,1,1,28.56,31.85,43.42,6.86,1027,4488,5515
182,2011/7/1,2011,3,7,5,0,1,1,29.62,32.61,39.63,3.8,1246,4116,5362
183,2011/7/2,2011,3,7,6,0,0,1,30.27,33.37,44.46,4.26,2204,2915,5119
184,2011/7/3,2011,3,7,0,0,0,2,29.38,33.43,68.25,8.47,2282,2367,4649
185,2011/7/4,2011,3,7,1,1,0,2,29.79,33.27,63.79,3.01,3065,2978,6043
186,2011/7/5,2011,3,7,2,0,1,1,30.61,34.82,59.04,4.67,1031,3634,4665
187,2011/7/6,2011,3,7,3,0,1,1,29.52,34.28,74.33,5.55,784,3845,4629
188,2011/7/7,2011,3,7,4,0,1,1,30.75,34.34,65.13,5.89,754,3838,4592
189,2011/7/8,2011,3,7,5,0,1,2,29.08,33.52,75.79,8.33,692,3348,4040
190,2011/7/9,2011,3,7,6,0,0,1,30.07,33.21,60.92,6.21,1988,3348,5336
191,2011/7/10,2011,3,7,0,0,0,1,30.65,34.5,57.83,6.79,1743,3138,4881
192,2011/7/11,2011,3,7,1,0,1,1,31.26,36.49,63.58,10.45,723,3363,4086
193,2011/7/12,2011,3,7,2,0,1,1,32.56,36.96,55.92,7.41,662,3596,4258
194,2011/7/13,2011,3,7,3,0,1,1,30.61,34.47,63.17,5.41,748,3594,4342
195,2011/7/14,2011,3,7,4,0,1,1,27.91,31.76,47.63,8.9,888,4196,5084
196,2011/7/15,2011,3,7,5,0,1,1,27.2,31.22,59.13,6.76,1318,4220,5538
197,2011/7/16,2011,3,7,6,0,0,1,28.15,31.91,58.5,7.71,2418,3505,5923
198,2011/7/17,2011,3,7,0,0,0,1,29.49,33.49,60.42,9.07,2006,3296,5302
199,2011/7/18,2011,3,7,1,0,1,1,30.61,35.2,65.13,7.98,841,3617,4458
200,2011/7/19,2011,3,7,2,0,1,1,31.84,37.37,65.04,4.83,752,3789,4541
201,2011/7/20,2011,3,7,3,0,1,1,31.5,37.34,70.71,4.21,644,3688,4332
202,2011/7/21,2011,3,7,4,0,1,2,33.42,41.32,69.13,8.21,632,3152,3784
203,2011/7/22,2011,3,7,5,0,1,1,34.78,42.04,58.04,4.92,562,2825,3387
204,2011/7/23,2011,3,7,6,0,0,1,34.82,40.21,50,4.86,987,2298,3285
205,2011/7/24,2011,3,7,0,0,0,1,34.03,39.74,55.08,6.26,1050,2556,3606
206,2011/7/25,2011,3,7,1,0,1,1,30.48,36.05,75.71,3.36,568,3272,3840
207,2011/7/26,2011,3,7,2,0,1,1,31.64,34.85,54.08,7.41,750,3840,4590
208,2011/7/27,2011,3,7,3,0,1,1,31.78,34.53,40.29,6.79,755,3901,4656
209,2011/7/28,2011,3,7,4,0,1,1,31.95,37,58.33,6.6,606,3784,4390
210,2011/7/29,2011,3,7,5,0,1,1,34.37,39.3,54.25,6.44,670,3176,3846
211,2011/7/30,2011,3,7,6,0,0,1,32.97,36.43,46.58,6.24,1559,2916,4475
212,2011/7/31,2011,3,7,0,0,0,1,33.04,36.49,48.08,6.1,1524,2778,4302
213,2011/8/1,2011,3,8,1,0,1,1,31.64,35.16,55.08,5.8,729,3537,4266
214,2011/8/2,2011,3,8,2,0,1,1,32.12,35.35,49.13,7.62,801,4044,4845
215,2011/8/3,2011,3,8,3,0,1,2,30,34,65.75,5.02,467,3107,3574
216,2011/8/4,2011,3,8,4,0,1,2,29.11,33.24,75.75,7.29,799,3777,4576
217,2011/8/5,2011,3,8,5,0,1,1,29.14,32.83,63.08,6.83,1023,3843,4866
218,2011/8/6,2011,3,8,6,0,0,2,29.38,33.81,75.5,8.45,1521,2773,4294
219,2011/8/7,2011,3,8,0,0,0,1,30.44,35.76,75.29,7.46,1298,2487,3785
220,2011/8/8,2011,3,8,1,0,1,1,31.37,35.16,59.21,7.11,846,3480,4326
221,2011/8/9,2011,3,8,2,0,1,1,31.78,36.21,57.04,5.59,907,3695,4602
222,2011/8/10,2011,3,8,3,0,1,1,31.43,34.25,42.42,7.41,884,3896,4780
223,2011/8/11,2011,3,8,4,0,1,1,29.42,32.58,42.38,6.1,812,3980,4792
224,2011/8/12,2011,3,8,5,0,1,1,29.04,32.7,41.5,4.65,1051,3854,4905
225,2011/8/13,2011,3,8,6,0,0,2,28.12,32.29,72.96,7.82,1504,2646,4150
226,2011/8/14,2011,3,8,0,0,0,2,27.74,31.22,81.75,8.24,1338,2482,3820
227,2011/8/15,2011,3,8,1,0,1,1,27.3,30.81,71.21,7.73,775,3563,4338
228,2011/8/16,2011,3,8,2,0,1,1,28.73,32.29,57.83,8.74,721,4004,4725
229,2011/8/17,2011,3,8,3,0,1,1,29.66,33.33,57.54,5.32,668,4026,4694
230,2011/8/18,2011,3,8,4,0,1,1,29.18,33.11,65.46,8.63,639,3166,3805
231,2011/8/19,2011,3,8,5,0,1,2,28.09,31.66,72.29,5.15,797,3356,4153
232,2011/8/20,2011,3,8,6,0,0,1,28.6,32.45,67.42,3.87,1914,3277,5191
233,2011/8/21,2011,3,8,0,0,0,1,29.14,33.78,77,9.2,1249,2624,3873
234,2011/8/22,2011,3,8,1,0,1,1,28.36,31.91,47,10.24,833,3925,4758
235,2011/8/23,2011,3,8,2,0,1,1,26.27,30.3,45.54,5.43,1281,4614,5895
236,2011/8/24,2011,3,8,3,0,1,1,27.61,31.53,60.5,9.36,949,4181,5130
237,2011/8/25,2011,3,8,4,0,1,2,28.05,32.29,77.17,7.8,435,3107,3542
238,2011/8/26,2011,3,8,5,0,1,1,28.7,32.99,76.13,3.11,768,3893,4661
239,2011/8/27,2011,3,8,6,0,0,2,27.88,31.78,85,13.9,226,889,1115
240,2011/8/28,2011,3,8,0,0,0,1,28.99,32.4,56.18,11.27,1415,2919,4334
241,2011/8/29,2011,3,8,1,0,1,1,26.1,30.4,55.46,5.91,729,3905,4634
242,2011/8/30,2011,3,8,2,0,1,1,26.21,29.74,54.83,4.63,775,4429,5204
243,2011/8/31,2011,3,8,3,0,1,1,26.92,30.56,59.79,3.08,688,4370,5058
244,2011/9/1,2011,3,9,4,0,1,1,26.86,30.75,63.92,5.25,783,4332,5115
245,2011/9/2,2011,3,9,5,0,1,2,26.38,30.24,72.71,5.18,875,3852,4727
246,2011/9/3,2011,3,9,6,0,0,1,27.44,31.66,71.67,6.86,1935,2549,4484
247,2011/9/4,2011,3,9,0,0,0,1,29.08,33.27,74.21,7.64,2521,2419,4940
248,2011/9/5,2011,3,9,1,1,0,2,27.61,31.28,79.04,7.87,1236,2115,3351
249,2011/9/6,2011,3,9,2,0,1,3,22.14,25.76,88.7,12.73,204,2506,2710
250,2011/9/7,2011,3,9,3,0,1,3,24.57,27.21,91.71,3.59,118,1878,1996
251,2011/9/8,2011,3,9,4,0,1,3,25.99,27.77,93.96,7.13,153,1689,1842
252,2011/9/9,2011,3,9,5,0,1,2,26.65,28.95,89.79,4.6,417,3127,3544
253,2011/9/10,2011,3,9,6,0,0,1,27.06,30.4,75.38,5.68,1750,3595,5345
254,2011/9/11,2011,3,9,0,0,0,1,26.79,30.46,71.38,4.26,1633,3413,5046
255,2011/9/12,2011,3,9,1,0,1,1,26.42,30.11,69.22,3.29,690,4023,4713
256,2011/9/13,2011,3,9,2,0,1,1,26.68,30.18,71.25,5.25,701,4062,4763
257,2011/9/14,2011,3,9,3,0,1,1,27.61,31.35,69.71,6.19,647,4138,4785
258,2011/9/15,2011,3,9,4,0,1,2,23.68,27.68,70.92,10.03,428,3231,3659
259,2011/9/16,2011,3,9,5,0,1,2,19.24,23.07,59.04,6.07,742,4018,4760
260,2011/9/17,2011,3,9,6,0,0,2,20.16,23.93,71.83,7.02,1434,3077,4511
261,2011/9/18,2011,3,9,0,0,0,1,20.81,24.53,69.5,6.6,1353,2921,4274
262,2011/9/19,2011,3,9,1,0,1,2,22.52,26.48,69,5.61,691,3848,4539
263,2011/9/20,2011,3,9,2,0,1,2,23.03,26.61,88.13,4.99,438,3203,3641
264,2011/9/21,2011,3,9,3,0,1,2,24.4,27.53,90,3.57,539,3813,4352
265,2011/9/22,2011,3,9,4,0,1,2,25.76,27.75,90.21,4.74,555,4240,4795
266,2011/9/23,2011,4,9,5,0,1,2,24.98,26.11,97.25,2.9,258,2137,2395
267,2011/9/24,2011,4,9,6,0,0,2,24.87,28.22,86.25,2.9,1776,3647,5423
268,2011/9/25,2011,4,9,0,0,0,2,26,28.63,84.5,1.86,1544,3466,5010
269,2011/9/26,2011,4,9,1,0,1,2,26.62,29.45,84.83,4.1,684,3946,4630
270,2011/9/27,2011,4,9,2,0,1,2,26.1,28.73,88.54,4.37,477,3643,4120
271,2011/9/28,2011,4,9,3,0,1,2,26.04,28.76,84.88,5.5,480,3427,3907
272,2011/9/29,2011,4,9,4,0,1,1,25.28,28.73,69.92,6.4,653,4186,4839
273,2011/9/30,2011,4,9,5,0,1,1,23.13,27.24,64.75,7.64,830,4372,5202
274,2011/10/1,2011,4,10,6,0,0,2,16.81,20.64,75.38,10.81,480,1949,2429
275,2011/10/2,2011,4,10,0,0,0,2,14.62,17.27,79.17,8.21,616,2302,2918
276,2011/10/3,2011,4,10,1,0,1,2,15.75,19.6,76.08,3.08,330,3240,3570
277,2011/10/4,2011,4,10,2,0,1,1,19.85,23.64,71,7.62,486,3970,4456
278,2011/10/5,2011,4,10,3,0,1,1,22.07,26.36,64.79,6.56,559,4267,4826
279,2011/10/6,2011,4,10,4,0,1,1,20.26,24.02,62.08,4.99,639,4126,4765
280,2011/10/7,2011,4,10,5,0,1,1,20.94,25.22,68.42,0.83,949,4036,4985
281,2011/10/8,2011,4,10,6,0,0,1,21.39,25.66,70.13,1.68,2235,3174,5409
282,2011/10/9,2011,4,10,0,0,0,1,22.17,26.2,72.75,2.35,2397,3114,5511
283,2011/10/10,2011,4,10,1,1,0,1,23.4,27.15,73.38,1.57,1514,3603,5117
284,2011/10/11,2011,4,10,2,0,1,2,23.23,27.3,80.88,5.29,667,3896,4563
285,2011/10/12,2011,4,10,3,0,1,3,22.28,25.89,90.63,9.18,217,2199,2416
286,2011/10/13,2011,4,10,4,0,1,2,24.16,27.59,89.67,5.25,290,2623,2913
287,2011/10/14,2011,4,10,5,0,1,2,22.58,26.48,71.63,8.28,529,3115,3644
288,2011/10/15,2011,4,10,6,0,0,1,20.77,24.94,48.33,9.55,1899,3318,5217
289,2011/10/16,2011,4,10,0,0,0,1,20.98,25.16,48.67,10.42,1748,3293,5041
290,2011/10/17,2011,4,10,1,0,1,1,21.9,25.54,57.96,6.49,713,3857,4570
291,2011/10/18,2011,4,10,2,0,1,2,21.83,26.14,70.17,4.07,637,4111,4748
292,2011/10/19,2011,4,10,3,0,1,3,22.21,25.69,89.52,9,254,2170,2424
293,2011/10/20,2011,4,10,4,0,1,1,19.51,23.33,63.63,15.62,471,3724,4195
294,2011/10/21,2011,4,10,5,0,1,1,17.53,21.18,57.42,8.19,676,3628,4304
295,2011/10/22,2011,4,10,6,0,0,1,17.32,21.27,62.92,3.43,1499,2809,4308
296,2011/10/23,2011,4,10,0,0,0,1,17.29,21.12,74.13,3.68,1619,2762,4381
297,2011/10/24,2011,4,10,1,0,1,1,19,22.85,77.21,4.4,699,3488,4187
298,2011/10/25,2011,4,10,2,0,1,1,19.34,23.17,62.29,6.17,695,3992,4687
299,2011/10/26,2011,4,10,3,0,1,2,19.85,23.64,72.04,5.5,404,3490,3894
300,2011/10/27,2011,4,10,4,0,1,2,19.27,22.85,81.29,7.32,240,2419,2659
301,2011/10/28,2011,4,10,5,0,1,2,13.56,15.94,58.58,8.49,456,3291,3747
302,2011/10/29,2011,4,10,6,0,0,3,10.42,11.4,88.25,13,57,570,627
303,2011/10/30,2011,4,10,0,0,0,1,13.09,16.07,62.38,6.53,885,2446,3331
304,2011/10/31,2011,4,10,1,0,1,1,13.94,17.8,70.33,3.93,362,3307,3669
305,2011/11/1,2011,4,11,2,0,1,1,16.43,19.85,68.38,5.02,410,3658,4068
306,2011/11/2,2011,4,11,3,0,1,1,15.48,19.51,71.88,3.04,370,3816,4186
307,2011/11/3,2011,4,11,4,0,1,1,16.74,20.3,70.21,5.06,318,3656,3974
308,2011/11/4,2011,4,11,5,0,1,2,16.54,20.17,62.25,10.06,470,3576,4046
309,2011/11/5,2011,4,11,6,0,0,1,13.39,16.19,51.92,7,1156,2770,3926
310,2011/11/6,2011,4,11,0,0,0,1,14.28,18.12,73.46,3.41,952,2697,3649
311,2011/11/7,2011,4,11,1,0,1,1,16.2,20.04,75.88,2.12,373,3662,4035
312,2011/11/8,2011,4,11,2,0,1,1,16.74,20.61,72.17,2.55,376,3829,4205
313,2011/11/9,2011,4,11,3,0,1,1,16.4,20.45,75.83,2.3,305,3804,4109
314,2011/11/10,2011,4,11,4,0,1,2,15.58,18.69,81.33,7,190,2743,2933
315,2011/11/11,2011,4,11,5,1,0,1,13.29,15.34,44.63,11.64,440,2928,3368
316,2011/11/12,2011,4,11,6,0,0,1,14.62,17.9,55.29,7.85,1275,2792,4067
317,2011/11/13,2011,4,11,0,0,0,1,18.07,21.53,45.83,10.42,1004,2713,3717
318,2011/11/14,2011,4,11,1,0,1,1,21.73,26.23,58.71,11.34,595,3891,4486
319,2011/11/15,2011,4,11,2,0,1,2,21.73,25.38,68.88,7.39,449,3746,4195
320,2011/11/16,2011,4,11,3,0,1,3,18.72,22.6,93,5.06,145,1672,1817
321,2011/11/17,2011,4,11,4,0,1,2,14.01,16.16,57.58,11.3,139,2914,3053
322,2011/11/18,2011,4,11,5,0,1,1,11.24,13.64,41,6.24,245,3147,3392
323,2011/11/19,2011,4,11,6,0,0,1,13.5,16.22,50.21,8.31,943,2720,3663
324,2011/11/20,2011,4,11,0,0,0,2,19,22.85,68.46,6.88,787,2733,3520
325,2011/11/21,2011,4,11,1,0,1,3,18.35,22.25,91,5.11,220,2545,2765
326,2011/11/22,2011,4,11,2,0,1,3,17.08,21.08,96.25,4.4,69,1538,1607
327,2011/11/23,2011,4,11,3,0,1,2,18.07,21.53,75.79,12.43,112,2454,2566
328,2011/11/24,2011,4,11,4,1,0,1,15.31,18.62,54.92,6.19,560,935,1495
329,2011/11/25,2011,4,11,5,0,1,1,15.38,19.03,64.38,3.66,1095,1697,2792
330,2011/11/26,2011,4,11,6,0,0,1,15.41,19.25,68.17,2.53,1249,1819,3068
331,2011/11/27,2011,4,11,0,0,0,1,18.83,22.79,69.83,7.73,810,2261,3071
332,2011/11/28,2011,4,11,1,0,1,1,20.64,24.51,74.3,5.26,253,3614,3867
333,2011/11/29,2011,4,11,2,0,1,2,18.79,22.57,83.08,9.55,96,2818,2914
334,2011/11/30,2011,4,11,3,0,1,1,13.33,15.56,61.33,10.03,188,3425,3613
335,2011/12/1,2011,4,12,4,0,1,1,12.81,15.28,52.46,8.15,182,3545,3727
336,2011/12/2,2011,4,12,5,0,1,1,12.88,16.57,62.58,3.73,268,3672,3940
337,2011/12/3,2011,4,12,6,0,0,1,12.27,15.53,61.29,3.54,706,2908,3614
338,2011/12/4,2011,4,12,0,0,0,1,13.56,17.46,77.58,3.11,634,2851,3485
339,2011/12/5,2011,4,12,1,0,1,2,15.82,19.7,82.71,2.3,233,3578,3811
340,2011/12/6,2011,4,12,2,0,1,3,18.96,22.82,94.96,8.61,126,2468,2594
341,2011/12/7,2011,4,12,3,0,1,3,16.81,20.01,97.04,9.85,50,655,705
342,2011/12/8,2011,4,12,4,0,1,1,10.9,12.85,58,8.88,150,3172,3322
343,2011/12/9,2011,4,12,5,0,1,1,11.92,15.88,69.58,3.06,261,3359,3620
344,2011/12/10,2011,4,12,6,0,0,1,11.28,13.32,50.75,8.63,502,2688,3190
345,2011/12/11,2011,4,12,0,0,0,1,9.05,12.66,49,2.46,377,2366,2743
346,2011/12/12,2011,4,12,1,0,1,1,9.77,13.51,67.08,2.35,143,3167,3310
347,2011/12/13,2011,4,12,2,0,1,1,11.58,15.06,59,5.2,155,3368,3523
348,2011/12/14,2011,4,12,3,0,1,2,13.02,16.92,66.38,2.26,178,3562,3740
349,2011/12/15,2011,4,12,4,0,1,2,17.32,20.61,63.42,9.92,181,3528,3709
350,2011/12/16,2011,4,12,5,0,1,2,15.38,17.99,50.04,9.64,178,3399,3577
351,2011/12/17,2011,4,12,6,0,0,2,10.59,12.47,56.08,9,275,2464,2739
352,2011/12/18,2011,4,12,0,0,0,1,9.77,12.28,58.63,6.28,220,2211,2431
353,2011/12/19,2011,4,12,1,0,1,1,11.34,14.05,63.75,6.4,260,3143,3403
354,2011/12/20,2011,4,12,2,0,1,2,15.82,19.82,59.54,2.28,216,3534,3750
355,2011/12/21,2011,1,12,3,0,1,2,17.56,21.4,85.83,8.19,107,2553,2660
356,2011/12/22,2011,1,12,4,0,1,2,17.36,21.31,75.75,1.75,227,2841,3068
357,2011/12/23,2011,1,12,5,0,1,1,15.31,18.88,68.63,10.15,163,2046,2209
358,2011/12/24,2011,1,12,6,0,0,1,12.4,14.96,54.25,7.04,155,856,1011
359,2011/12/25,2011,1,12,0,0,0,1,11.27,14,68.13,5.74,303,451,754
360,2011/12/26,2011,1,12,1,1,0,1,13.19,15.78,50.7,8.86,430,887,1317
361,2011/12/27,2011,1,12,2,0,1,2,13.33,16.38,76.25,6.97,103,1059,1162
362,2011/12/28,2011,1,12,3,0,1,1,12.26,14,50.39,10.88,255,2047,2302
363,2011/12/29,2011,1,12,4,0,1,1,10.18,13.19,57.42,4.42,254,2169,2423
364,2011/12/30,2011,1,12,5,0,1,1,12.78,15.94,63.67,4.97,491,2508,2999
365,2011/12/31,2011,1,12,6,0,0,1,16.81,20.71,61.58,8.15,665,1820,2485
366,2012/1/1,2012,1,1,0,0,0,1,15.17,18.78,69.25,7.11,686,1608,2294
367,2012/1/2,2012,1,1,1,1,0,1,11.19,12.62,38.13,12.2,244,1707,1951
368,2012/1/3,2012,1,1,2,0,1,1,6.15,6.31,44.13,13.53,89,2147,2236
369,2012/1/4,2012,1,1,3,0,1,2,4.41,5.97,41.46,6.83,95,2273,2368
370,2012/1/5,2012,1,1,4,0,1,1,10.9,13.92,52.42,4.81,140,3132,3272
371,2012/1/6,2012,1,1,5,0,1,1,13.7,17.01,54.21,6.21,307,3791,4098
372,2012/1/7,2012,1,1,6,0,0,1,16.13,19.54,53.17,6.47,1070,3451,4521
373,2012/1/8,2012,1,1,0,0,0,1,13.84,17.01,46.5,7.09,599,2826,3425
374,2012/1/9,2012,1,1,1,0,1,2,9.19,12.37,70.17,3.66,106,2270,2376
375,2012/1/10,2012,1,1,2,0,1,1,12.66,15.94,64.65,6.94,173,3425,3598
376,2012/1/11,2012,1,1,3,0,1,2,11.24,14.14,84.75,4.86,92,2085,2177
377,2012/1/12,2012,1,1,4,0,1,2,15.68,19.1,80.29,6.7,269,3828,4097
378,2012/1/13,2012,1,1,5,0,1,1,11.24,12.47,50.75,13.99,174,3040,3214
379,2012/1/14,2012,1,1,6,0,0,1,7.38,9.15,45.75,6.93,333,2160,2493
380,2012/1/15,2012,1,1,0,0,0,1,6.83,8.08,41.92,9.3,284,2027,2311
381,2012/1/16,2012,1,1,1,1,0,1,7.79,9.53,52.25,8.56,217,2081,2298
382,2012/1/17,2012,1,1,2,0,1,2,15.29,18.21,71.61,12.92,127,2808,2935
383,2012/1/18,2012,1,1,3,0,1,1,12.44,13.76,44.33,15.37,109,3267,3376
384,2012/1/19,2012,1,1,4,0,1,1,7.79,9.5,49.75,8.15,130,3162,3292
385,2012/1/20,2012,1,1,5,0,1,2,8.92,11.05,45,7.5,115,3048,3163
386,2012/1/21,2012,1,1,6,0,0,2,7.11,8.74,83.13,8.24,67,1234,1301
387,2012/1/22,2012,1,1,0,0,0,2,6.66,8.11,79.63,7.39,196,1781,1977
388,2012/1/23,2012,1,1,1,0,1,2,8.95,12.15,91.13,4.1,145,2287,2432
389,2012/1/24,2012,1,1,2,0,1,1,14.04,17.46,83.58,4.58,439,3900,4339
390,2012/1/25,2012,1,1,3,0,1,1,12.06,14.74,64.38,5.96,467,3803,4270
391,2012/1/26,2012,1,1,4,0,1,2,14.01,17.8,76.96,2.72,244,3831,4075
392,2012/1/27,2012,1,1,5,0,1,2,17.43,20.77,74.13,12.68,269,3187,3456
393,2012/1/28,2012,1,1,6,0,0,1,12.95,16.32,54.33,7.8,775,3248,4023
394,2012/1/29,2012,1,1,0,0,0,1,11.58,13.64,31.13,8.88,558,2685,3243
395,2012/1/30,2012,1,1,1,0,1,1,11.04,13.13,40.08,7.98,126,3498,3624
396,2012/1/31,2012,1,1,2,0,1,1,15.99,19.07,41.67,9.69,324,4185,4509
397,2012/2/1,2012,1,2,3,0,1,1,19.24,23.33,50.79,7,304,4275,4579
398,2012/2/2,2012,1,2,4,0,1,2,16.37,19.95,67.29,6.93,190,3571,3761
399,2012/2/3,2012,1,2,5,0,1,1,12.85,15.47,52.67,6.6,310,3841,4151
400,2012/2/4,2012,1,2,6,0,0,2,10.83,13.64,77.96,4.51,384,2448,2832
401,2012/2/5,2012,1,2,0,0,0,2,10.9,13.23,68.79,6.51,318,2629,2947
402,2012/2/6,2012,1,2,1,0,1,1,11.59,14.82,62.22,5.69,206,3578,3784
403,2012/2/7,2012,1,2,2,0,1,1,14.52,18.06,49.63,5.45,199,4176,4375
404,2012/2/8,2012,1,2,3,0,1,2,10.52,13.32,72.29,4.95,109,2693,2802
405,2012/2/9,2012,1,2,4,0,1,1,10.87,13.1,56.21,7.18,163,3667,3830
406,2012/2/10,2012,1,2,5,0,1,2,11.51,14.68,54,4.33,227,3604,3831
407,2012/2/11,2012,1,2,6,0,0,3,9.19,10.54,73.13,10.72,192,1977,2169
408,2012/2/12,2012,1,2,0,0,0,1,5.23,5.08,46.46,15.14,73,1456,1529
409,2012/2/13,2012,1,2,1,0,1,1,9.12,11.4,41.13,6.19,94,3328,3422
410,2012/2/14,2012,1,2,2,0,1,2,13.09,16.7,50.88,5.22,135,3787,3922
411,2012/2/15,2012,1,2,3,0,1,1,14.28,17.58,53.13,6.72,141,4028,4169
412,2012/2/16,2012,1,2,4,0,1,2,12.98,16.51,75.29,3.38,74,2931,3005
413,2012/2/17,2012,1,2,5,0,1,1,14.08,17.58,63.46,7.62,349,3805,4154
414,2012/2/18,2012,1,2,6,0,0,1,14.21,17.77,53.46,7.06,1435,2883,4318
415,2012/2/19,2012,1,2,0,0,0,2,11.48,13.29,51.58,9.37,618,2071,2689
416,2012/2/20,2012,1,2,1,1,0,1,11.48,13.67,50.78,8.48,502,2627,3129
417,2012/2/21,2012,1,2,2,0,1,1,11.8,14.76,59.43,7.61,163,3614,3777
418,2012/2/22,2012,1,2,3,0,1,1,16.23,19.63,56.79,8.68,394,4379,4773
419,2012/2/23,2012,1,2,4,0,1,1,18.62,22.22,55.46,7.06,516,4546,5062
420,2012/2/24,2012,1,2,5,0,1,2,16.71,20.55,73.75,8.79,246,3241,3487
421,2012/2/25,2012,1,2,6,0,0,1,11.92,12.78,39.58,15.6,317,2415,2732
422,2012/2/26,2012,1,2,0,0,0,1,11.45,13.42,41,7.59,515,2874,3389
423,2012/2/27,2012,1,2,1,0,1,1,15.03,17.9,49.08,9.92,253,4069,4322
424,2012/2/28,2012,1,2,2,0,1,1,14.73,17.68,39.58,7.16,229,4134,4363
425,2012/2/29,2012,1,2,3,0,1,2,14.12,17.42,80.48,6.63,65,1769,1834
426,2012/3/1,2012,1,3,4,0,1,1,19.92,23.77,61.54,8.4,325,4665,4990
427,2012/3/2,2012,1,3,5,0,1,2,14.49,17.99,65.71,5.36,246,2948,3194
428,2012/3/3,2012,1,3,6,0,0,2,16.98,20.67,62.13,5.96,956,3110,4066
429,2012/3/4,2012,1,3,0,0,0,1,13.36,15.15,40.33,12.38,710,2713,3423
430,2012/3/5,2012,1,3,1,0,1,1,9.98,12.06,50.63,8.47,203,3130,3333
431,2012/3/6,2012,1,3,2,0,1,1,10.59,12.75,45.67,7.43,221,3735,3956
432,2012/3/7,2012,1,3,3,0,1,1,16.57,19.26,51.33,12.79,432,4484,4916
433,2012/3/8,2012,1,3,4,0,1,1,21.63,26.23,56.75,16.34,486,4896,5382
434,2012/3/9,2012,1,3,5,0,1,2,16.84,19.85,40.71,15.35,447,4122,4569
435,2012/3/10,2012,1,3,6,0,0,1,11.79,13.89,35.04,8.35,968,3150,4118
436,2012/3/11,2012,1,3,0,0,0,1,14.83,17.98,47.7,8.24,1658,3253,4911
437,2012/3/12,2012,1,3,1,0,1,1,19.13,22.98,48.92,7.69,838,4460,5298
438,2012/3/13,2012,1,3,2,0,1,1,23.17,27.15,61.75,8.77,762,5085,5847
439,2012/3/14,2012,1,3,3,0,1,1,23.47,27.43,50.71,4.26,997,5315,6312
440,2012/3/15,2012,1,3,4,0,1,1,22.86,26.64,57.96,5.55,1005,5187,6192
441,2012/3/16,2012,1,3,5,0,1,2,17.87,21.81,84.21,4.19,548,3830,4378
442,2012/3/17,2012,1,3,6,0,0,2,21.08,25.25,75.58,4.1,3155,4681,7836
443,2012/3/18,2012,1,3,0,0,0,2,19.37,23.2,81,4.69,2207,3685,5892
444,2012/3/19,2012,1,3,1,0,1,1,22.35,26.64,72.88,6.01,982,5171,6153
445,2012/3/20,2012,1,3,2,0,1,1,22.99,26.93,80.79,4.49,1051,5042,6093
446,2012/3/21,2012,2,3,3,0,1,2,21.8,25.66,82.13,3.31,1122,5108,6230
447,2012/3/22,2012,2,3,4,0,1,1,22.72,26.58,83.13,4.35,1334,5537,6871
448,2012/3/23,2012,2,3,5,0,1,2,24.67,28.5,69.42,4.3,2469,5893,8362
449,2012/3/24,2012,2,3,6,0,0,2,20.6,24.34,88.54,7.13,1033,2339,3372
450,2012/3/25,2012,2,3,0,0,0,2,17.94,21.87,88.08,8.17,1532,3464,4996
451,2012/3/26,2012,2,3,1,0,1,1,18.28,21.94,47.79,14.31,795,4763,5558
452,2012/3/27,2012,2,3,2,0,1,1,13.26,15.78,29,6.93,531,4571,5102
453,2012/3/28,2012,2,3,3,0,1,1,19.85,23.55,48.13,10.79,674,5024,5698
454,2012/3/29,2012,2,3,4,0,1,1,20.26,24.12,43.92,11.83,834,5299,6133
455,2012/3/30,2012,2,3,5,0,1,2,15.17,18.78,58.08,5.11,796,4663,5459
456,2012/3/31,2012,2,3,6,0,0,2,17.39,21.09,73.83,9.27,2301,3934,6235
457,2012/4/1,2012,2,4,0,0,0,2,17.46,20.86,67.63,6.37,2347,3694,6041
458,2012/4/2,2012,2,4,1,0,1,1,17.79,21.38,50.43,11.55,1208,4728,5936
459,2012/4/3,2012,2,4,2,0,1,1,19.13,23.07,39.67,3.7,1348,5424,6772
460,2012/4/4,2012,2,4,3,0,1,1,22.21,26.67,46.96,6.7,1058,5378,6436
461,2012/4/5,2012,2,4,4,0,1,1,17.84,21.56,37.42,8.12,1192,5265,6457
462,2012/4/6,2012,2,4,5,0,1,1,16.54,19.54,37.71,11.11,1807,4653,6460
463,2012/4/7,2012,2,4,6,0,0,1,17.94,21.31,25.42,10.17,3252,3605,6857
464,2012/4/8,2012,2,4,0,0,0,1,20.5,24.62,27.58,8.61,2230,2939,5169
465,2012/4/9,2012,2,4,1,0,1,1,20.06,23.83,31.75,13.25,905,4680,5585
466,2012/4/10,2012,2,4,2,0,1,1,18.31,21.81,43.5,9.23,819,5099,5918
467,2012/4/11,2012,2,4,3,0,1,1,14.3,16.86,46.96,10.93,482,4380,4862
468,2012/4/12,2012,2,4,4,0,1,1,16.3,19.38,46.63,10.75,663,4746,5409
469,2012/4/13,2012,2,4,5,0,1,1,18.14,21.59,40.83,5.75,1252,5146,6398
470,2012/4/14,2012,2,4,6,0,0,1,20.3,24.4,50.29,7.06,2795,4665,7460
471,2012/4/15,2012,2,4,0,0,0,1,24.87,28.69,50.79,8.33,2846,4286,7132
472,2012/4/16,2012,2,4,1,1,0,1,27.23,30.75,56.17,10.54,1198,5172,6370
473,2012/4/17,2012,2,4,2,0,1,1,24.94,29.92,39.04,10.12,989,5702,6691
474,2012/4/18,2012,2,4,3,0,1,2,19,22.85,56.92,6.21,347,4020,4367
475,2012/4/19,2012,2,4,4,0,1,1,20.43,24.65,61.25,2.44,846,5719,6565
476,2012/4/20,2012,2,4,5,0,1,1,21.59,25.79,69.46,5.55,1340,5950,7290
477,2012/4/21,2012,2,4,6,0,0,1,23.37,27.15,68.29,10.49,2541,4083,6624
478,2012/4/22,2012,2,4,0,0,0,3,16.26,19.48,83.54,12.75,120,907,1027
479,2012/4/23,2012,2,4,1,0,1,2,13.19,15.06,76.67,11.23,195,3019,3214
480,2012/4/24,2012,2,4,2,0,1,1,16.95,20.26,45.42,9.23,518,5115,5633
481,2012/4/25,2012,2,4,3,0,1,1,19.54,23.52,42.79,4.4,655,5541,6196
482,2012/4/26,2012,2,4,4,0,1,2,20.43,24.18,75.67,6.54,475,4551,5026
483,2012/4/27,2012,2,4,5,0,1,1,18.76,22.63,40.08,12.86,1014,5219,6233
484,2012/4/28,2012,2,4,6,0,0,2,15.44,18.88,48.96,4.81,1120,3100,4220
485,2012/4/29,2012,2,4,0,0,0,1,18.79,22.51,58.71,4.33,2229,4075,6304
486,2012/4/30,2012,2,4,1,0,1,2,19.03,22.88,57,6.35,665,4907,5572
487,2012/5/1,2012,2,5,2,0,1,2,25.15,28.85,65.96,5.78,653,5087,5740
488,2012/5/2,2012,2,5,3,0,1,1,23.13,26.89,79.71,5.11,667,5502,6169
489,2012/5/3,2012,2,5,4,0,1,2,22.96,26.86,76.83,4.95,764,5657,6421
490,2012/5/4,2012,2,5,5,0,1,1,25.73,29.55,73.54,6.03,1069,5227,6296
491,2012/5/5,2012,2,5,6,0,0,2,25.49,29.23,75.67,5.66,2496,4387,6883
492,2012/5/6,2012,2,5,0,0,0,2,23.06,27.34,74,5.55,2135,4224,6359
493,2012/5/7,2012,2,5,1,0,1,2,22.04,26.36,66.42,8.54,1008,5265,6273
494,2012/5/8,2012,2,5,2,0,1,2,23.85,27.87,68.58,10.95,738,4990,5728
495,2012/5/9,2012,2,5,3,0,1,2,23.58,27.65,74.42,8.01,620,4097,4717
496,2012/5/10,2012,2,5,4,0,1,1,20.74,24.59,55.21,11.62,1026,5546,6572
497,2012/5/11,2012,2,5,5,0,1,1,21.87,26.04,36.04,8.77,1319,5711,7030
498,2012/5/12,2012,2,5,6,0,0,1,23.13,27.24,48.04,4.56,2622,4807,7429
499,2012/5/13,2012,2,5,0,0,0,1,25.11,29.26,57.63,8.33,2172,3946,6118
500,2012/5/14,2012,2,5,1,0,1,2,23.51,27.5,78.96,7.87,342,2501,2843
501,2012/5/15,2012,2,5,2,0,1,2,25.08,28.82,79.46,5.45,625,4490,5115
502,2012/5/16,2012,2,5,3,0,1,1,26.1,29.8,69.79,4.53,991,6433,7424
503,2012/5/17,2012,2,5,4,0,1,1,24.33,28.63,52,8.49,1242,6142,7384
504,2012/5/18,2012,2,5,5,0,1,1,23.13,27.56,52.33,5.06,1521,6118,7639
505,2012/5/19,2012,2,5,6,0,0,1,24.6,28.35,45.63,3.11,3410,4884,8294
506,2012/5/20,2012,2,5,0,0,0,1,25.45,29.2,53.04,9.41,2704,4425,7129
507,2012/5/21,2012,2,5,1,0,1,2,24.53,28.28,81.13,8.63,630,3729,4359
508,2012/5/22,2012,2,5,2,0,1,2,25.22,29.04,76.58,4.37,819,5254,6073
509,2012/5/23,2012,2,5,3,0,1,2,25.49,29.23,77.46,3.77,766,4494,5260
510,2012/5/24,2012,2,5,4,0,1,1,26.86,30.34,71.67,6.4,1059,5711,6770
511,2012/5/25,2012,2,5,5,0,1,1,27.88,31.38,74.71,5.2,1417,5317,6734
512,2012/5/26,2012,2,5,6,0,0,1,28.39,32.13,73.25,7.36,2855,3681,6536
513,2012/5/27,2012,2,5,0,0,0,1,28.29,32.07,69.71,7.96,3283,3308,6591
514,2012/5/28,2012,2,5,1,1,0,1,29.21,33.97,67.63,7.27,2557,3486,6043
515,2012/5/29,2012,2,5,2,0,1,1,29.62,33.65,68.46,10.93,880,4863,5743
516,2012/5/30,2012,2,5,3,0,1,2,26.92,30.56,67,4.97,745,6110,6855
517,2012/5/31,2012,2,5,4,0,1,1,27.88,31.57,49.29,7.23,1100,6238,7338
518,2012/6/1,2012,2,6,5,0,1,2,26.82,30.4,75.54,8.79,533,3594,4127
519,2012/6/2,2012,2,6,6,0,0,1,23.92,28.31,54.92,6.9,2795,5325,8120
520,2012/6/3,2012,2,6,0,0,0,1,24.7,28.76,49.33,6.81,2494,5147,7641
521,2012/6/4,2012,2,6,1,0,1,1,24.5,28.91,48.71,10.54,1071,5927,6998
522,2012/6/5,2012,2,6,2,0,1,2,22.17,26.29,61.33,7.75,968,6033,7001
523,2012/6/6,2012,2,6,3,0,1,1,22.72,27.11,61.13,2.85,1027,6028,7055
524,2012/6/7,2012,2,6,4,0,1,1,24.7,28.47,56.71,5.82,1038,6456,7494
525,2012/6/8,2012,2,6,5,0,1,1,26.62,29.89,46.79,6.49,1488,6248,7736
526,2012/6/9,2012,2,6,6,0,0,1,29.14,32.42,43.71,5.34,2708,4790,7498
527,2012/6/10,2012,2,6,0,0,0,1,29.79,33.18,53.83,4.95,2224,4374,6598
528,2012/6/11,2012,2,6,1,0,1,2,29.55,32.99,58.79,7.69,1017,5647,6664
529,2012/6/12,2012,2,6,2,0,1,2,26.79,29.89,83.33,7.94,477,4495,4972
530,2012/6/13,2012,2,6,3,0,1,1,26.89,30.56,58.21,12.7,1173,6248,7421
531,2012/6/14,2012,2,6,4,0,1,1,26.58,31.22,56.96,9.39,1180,6183,7363
532,2012/6/15,2012,2,6,5,0,1,1,26.21,29.99,58.96,6.53,1563,6102,7665
533,2012/6/16,2012,2,6,6,0,0,1,25.9,29.74,50.42,6.17,2963,4739,7702
534,2012/6/17,2012,2,6,0,0,0,1,24.29,28.6,59.88,5.36,2634,4344,6978
535,2012/6/18,2012,2,6,1,0,1,2,23.3,27.24,77.79,6.47,653,4446,5099
536,2012/6/19,2012,2,6,2,0,1,1,28.22,32.73,69,5.48,968,5857,6825
537,2012/6/20,2012,2,6,3,0,1,1,32.08,36.05,59.21,4.21,872,5339,6211
538,2012/6/21,2012,3,6,4,0,1,1,33.04,37.63,56.79,4.4,778,5127,5905
539,2012/6/22,2012,3,6,5,0,1,1,31.88,36.21,57.38,6.77,964,4859,5823
540,2012/6/23,2012,3,6,6,0,0,1,30,32.64,53.46,6.65,2657,4801,7458
541,2012/6/24,2012,3,6,0,0,0,1,30.48,33.71,47.92,5.38,2551,4340,6891
542,2012/6/25,2012,3,6,1,0,1,1,29.35,32.7,50.42,11.11,1139,5640,6779
543,2012/6/26,2012,3,6,2,0,1,1,25.86,29.74,37.33,12.86,1077,6365,7442
544,2012/6/27,2012,3,6,3,0,1,1,28.6,32.04,36,10.06,1077,6258,7335
545,2012/6/28,2012,3,6,4,0,1,1,30.72,33.78,42.25,6.35,921,5958,6879
546,2012/6/29,2012,3,6,5,0,1,1,34.2,39.33,48.88,6.12,829,4634,5463
547,2012/6/30,2012,3,6,6,0,0,1,31.37,34.38,60.13,5.96,1455,4232,5687
548,2012/7/1,2012,3,7,0,0,0,1,33.45,37.53,51.88,6.24,1421,4110,5531
549,2012/7/2,2012,3,7,1,0,1,1,32.05,35.1,44.71,7.22,904,5323,6227
550,2012/7/3,2012,3,7,2,0,1,1,32.01,35.13,49.21,4.67,1052,5608,6660
551,2012/7/4,2012,3,7,3,1,0,1,32.36,36.62,53.88,4.99,2562,4841,7403
552,2012/7/5,2012,3,7,4,0,1,1,33.93,38.07,45.79,7.18,1405,4836,6241
553,2012/7/6,2012,3,7,5,0,1,1,33.96,37.63,45.08,5.41,1366,4841,6207
554,2012/7/7,2012,3,7,6,0,0,1,35.33,40.25,49.21,6.05,1448,3392,4840
555,2012/7/8,2012,3,7,0,0,0,1,33.72,39.52,57.38,4.65,1203,3469,4672
556,2012/7/9,2012,3,7,1,0,1,2,29.14,32.7,68.33,6.7,998,5571,6569
557,2012/7/10,2012,3,7,2,0,1,2,29.55,33.24,66.75,5.61,954,5336,6290
558,2012/7/11,2012,3,7,3,0,1,1,29.38,32.51,63.33,5.61,975,6289,7264
559,2012/7/12,2012,3,7,4,0,1,1,29.35,32.73,52.96,5.43,1032,6414,7446
560,2012/7/13,2012,3,7,5,0,1,2,30,33.4,48.58,2.99,1511,5988,7499
561,2012/7/14,2012,3,7,6,0,0,2,28.84,33.3,69.92,5.32,2355,4614,6969
562,2012/7/15,2012,3,7,0,0,0,1,30.58,35.26,71.79,6.17,1920,4111,6031
563,2012/7/16,2012,3,7,1,0,1,1,31.3,36.21,64.5,6.07,1088,5742,6830
564,2012/7/17,2012,3,7,2,0,1,1,33.55,37.78,50.58,4.23,921,5865,6786
565,2012/7/18,2012,3,7,3,0,1,1,32.53,37.28,57.71,5.09,799,4914,5713
566,2012/7/19,2012,3,7,4,0,1,1,31.57,35.73,60.04,6.12,888,5703,6591
567,2012/7/20,2012,3,7,5,0,1,2,27.3,30.65,84.42,7.73,747,5123,5870
568,2012/7/21,2012,3,7,6,0,0,3,24.43,27.5,86.54,7.89,1264,3195,4459
569,2012/7/22,2012,3,7,0,0,0,2,27.37,31.16,76.25,3.48,2544,4866,7410
570,2012/7/23,2012,3,7,1,0,1,1,30.41,34.5,69.42,5.13,1135,5831,6966
571,2012/7/24,2012,3,7,2,0,1,1,30.78,35.32,65.5,7.82,1140,6452,7592
572,2012/7/25,2012,3,7,3,0,1,1,29.69,32.7,45,6.1,1383,6790,8173
573,2012/7/26,2012,3,7,4,0,1,1,31.84,36.96,59.67,10.54,1036,5825,6861
574,2012/7/27,2012,3,7,5,0,1,1,32.05,36.71,59.46,5.66,1259,5645,6904
575,2012/7/28,2012,3,7,6,0,0,1,30.99,34.88,61.33,5.82,2234,4451,6685
576,2012/7/29,2012,3,7,0,0,0,1,29.59,33.4,62.38,6.3,2153,4444,6597
577,2012/7/30,2012,3,7,1,0,1,1,29.96,34.25,66.88,5.68,1040,6065,7105
578,2012/7/31,2012,3,7,2,0,1,1,29.25,33.14,70.42,6.12,968,6248,7216
579,2012/8/1,2012,3,8,3,0,1,1,29.42,33.37,67.75,5.22,1074,6506,7580
580,2012/8/2,2012,3,8,4,0,1,1,30.85,35.35,65.96,4.79,983,6278,7261
581,2012/8/3,2012,3,8,5,0,1,2,31.4,36.14,64.25,7.98,1328,5847,7175
582,2012/8/4,2012,3,8,6,0,0,1,32.53,37.56,61.33,9.53,2345,4479,6824
583,2012/8/5,2012,3,8,0,0,0,1,31.54,36.55,65.25,10.75,1707,3757,5464
584,2012/8/6,2012,3,8,1,0,1,2,30.85,35.51,65.42,4.79,1233,5780,7013
585,2012/8/7,2012,3,8,2,0,1,2,30.17,34.88,70.38,4.33,1278,5995,7273
586,2012/8/8,2012,3,8,3,0,1,2,30.75,35.39,67.29,4.1,1263,6271,7534
587,2012/8/9,2012,3,8,4,0,1,1,30.99,34.98,62.04,5.78,1196,6090,7286
588,2012/8/10,2012,3,8,5,0,1,2,29.35,33.4,71.58,8.84,1065,4721,5786
589,2012/8/11,2012,3,8,6,0,0,2,28.39,31.91,73.29,7.64,2247,4052,6299
590,2012/8/12,2012,3,8,0,0,0,1,28.73,32.23,53.04,4.53,2182,4362,6544
591,2012/8/13,2012,3,8,1,0,1,1,29.55,33.11,54.54,5.04,1207,5676,6883
592,2012/8/14,2012,3,8,2,0,1,1,29.79,33.84,68.67,6.26,1128,5656,6784
593,2012/8/15,2012,3,8,3,0,1,1,28.97,32.7,61.96,6.28,1198,6149,7347
594,2012/8/16,2012,3,8,4,0,1,1,29.49,32.73,51.92,5.25,1338,6267,7605
595,2012/8/17,2012,3,8,5,0,1,1,29.66,12.12,57.08,8.56,1483,5665,7148
596,2012/8/18,2012,3,8,6,0,0,1,27.81,30.9,60.33,6.58,2827,5038,7865
597,2012/8/19,2012,3,8,0,0,0,2,26.07,30.18,71.17,3.2,1208,3341,4549
598,2012/8/20,2012,3,8,1,0,1,2,26.07,29.8,73.42,4.81,1026,5504,6530
599,2012/8/21,2012,3,8,2,0,1,1,26.62,30.05,67.38,2.69,1081,5925,7006
600,2012/8/22,2012,3,8,3,0,1,1,27.37,31.09,67.71,2.6,1094,6281,7375
601,2012/8/23,2012,3,8,4,0,1,1,28.53,31.85,63.58,3.13,1363,6402,7765
602,2012/8/24,2012,3,8,5,0,1,2,28.8,32.36,61.5,2.67,1325,6257,7582
603,2012/8/25,2012,3,8,6,0,0,2,27.13,30.93,71.29,9.04,1829,4224,6053
604,2012/8/26,2012,3,8,0,0,0,2,26.79,29.8,84.58,8.47,1483,3772,5255
605,2012/8/27,2012,3,8,1,0,1,1,28.84,32.73,73.04,4.76,989,5928,6917
606,2012/8/28,2012,3,8,2,0,1,1,29.86,33.3,62,7.06,935,6105,7040
607,2012/8/29,2012,3,8,3,0,1,1,28.09,31.79,55.21,4.16,1177,6520,7697
608,2012/8/30,2012,3,8,4,0,1,1,28.97,32.64,59.04,2.85,1172,6541,7713
609,2012/8/31,2012,3,8,5,0,1,1,31.33,34.47,58.75,6.24,1433,5917,7350
610,2012/9/1,2012,3,9,6,0,0,2,30.89,35.13,63.83,4.19,2352,3788,6140
611,2012/9/2,2012,3,9,0,0,0,2,28.56,32.45,81.5,2.37,2613,3197,5810
612,2012/9/3,2012,3,9,1,1,0,1,29.01,33.08,79.08,5.59,1965,4069,6034
613,2012/9/4,2012,3,9,2,0,1,1,29.76,34.34,75.5,8.74,867,5997,6864
614,2012/9/5,2012,3,9,3,0,1,1,30.2,35.45,74.13,6.95,832,6280,7112
615,2012/9/6,2012,3,9,4,0,1,2,28.56,32.77,81.04,5.27,611,5592,6203
616,2012/9/7,2012,3,9,5,0,1,1,28.84,32.86,73.63,6.35,1045,6459,7504
617,2012/9/8,2012,3,9,6,0,0,2,27.03,30.56,79.92,10.4,1557,4419,5976
618,2012/9/9,2012,3,9,0,0,0,1,25.01,28.95,54.75,8.31,2570,5657,8227
619,2012/9/10,2012,3,9,1,0,1,1,23.92,28.28,50.38,9.57,1118,6407,7525
620,2012/9/11,2012,3,9,2,0,1,1,23.68,27.71,52,3.41,1070,6697,7767
621,2012/9/12,2012,3,9,3,0,1,1,24.57,28.5,57.71,4.88,1050,6820,7870
622,2012/9/13,2012,3,9,4,0,1,1,25.11,28.98,63.71,3.06,1054,6750,7804
623,2012/9/14,2012,3,9,5,0,1,1,25.97,29.7,67.25,3.84,1379,6630,8009
624,2012/9/15,2012,3,9,6,0,0,1,24.94,29.29,50.17,9.16,3160,5554,8714
625,2012/9/16,2012,3,9,0,0,0,1,23.78,28.16,57,3.34,2166,5167,7333
626,2012/9/17,2012,3,9,1,0,1,2,23.81,27.65,73.46,5.61,1022,5847,6869
627,2012/9/18,2012,3,9,2,0,1,2,25.56,28.25,87.25,13.23,371,3702,4073
628,2012/9/19,2012,3,9,3,0,1,1,22.65,27.02,53.67,7.96,788,6803,7591
629,2012/9/20,2012,3,9,4,0,1,1,22.41,26.61,61.83,4.37,939,6781,7720
630,2012/9/21,2012,3,9,5,0,1,1,24.57,28.6,66.88,5.71,1250,6917,8167
631,2012/9/22,2012,3,9,6,0,0,1,26.65,30.52,64.67,10.49,2512,5883,8395
632,2012/9/23,2012,4,9,0,0,0,1,21.7,25.95,46.71,8.26,2454,5453,7907
633,2012/9/24,2012,4,9,1,0,1,1,21.08,25.13,49.29,5.27,1001,6435,7436
634,2012/9/25,2012,4,9,2,0,1,1,22.55,27.21,57,8.74,845,6693,7538
635,2012/9/26,2012,4,9,3,0,1,1,26.04,29.83,63.08,9.04,787,6946,7733
636,2012/9/27,2012,4,9,4,0,1,2,26.65,30.4,69.08,4.97,751,6642,7393
637,2012/9/28,2012,4,9,5,0,1,2,25.39,29.29,69,6.07,1045,6370,7415
638,2012/9/29,2012,4,9,6,0,0,1,22.24,26.51,54.29,8.42,2589,5966,8555
639,2012/9/30,2012,4,9,0,0,0,1,21.59,25.88,58.33,4.99,2015,4874,6889
640,2012/10/1,2012,4,10,1,0,1,2,21.35,25.6,64.92,3.36,763,6015,6778
641,2012/10/2,2012,4,10,2,0,1,3,24.22,27.12,87.17,3.87,315,4324,4639
642,2012/10/3,2012,4,10,3,0,1,2,26.96,29.96,79.38,2.46,728,6844,7572
643,2012/10/4,2012,4,10,4,0,1,2,26.96,30.4,72.29,4.35,891,6437,7328
644,2012/10/5,2012,4,10,5,0,1,1,25.22,29.01,62.75,3.93,1516,6640,8156
645,2012/10/6,2012,4,10,6,0,0,1,22.72,26.93,66.42,9.92,3031,4934,7965
646,2012/10/7,2012,4,10,0,0,0,2,17.05,20.99,70.83,5.22,781,2729,3510
647,2012/10/8,2012,4,10,1,1,0,2,15.72,19.38,70.96,7.02,874,4604,5478
648,2012/10/9,2012,4,10,2,0,1,2,18.31,21.91,76.17,7.04,601,5791,6392
649,2012/10/10,2012,4,10,3,0,1,1,21.08,25.16,63.08,6.95,780,6911,7691
650,2012/10/11,2012,4,10,4,0,1,1,17.84,21.56,46.33,6.72,834,6736,7570
651,2012/10/12,2012,4,10,5,0,1,1,17.94,21.65,53.92,8.7,1060,6222,7282
652,2012/10/13,2012,4,10,6,0,0,1,16.13,19.57,49.46,5.41,2252,4857,7109
653,2012/10/14,2012,4,10,0,0,0,1,21.39,25.41,64.04,10.31,2080,4559,6639
654,2012/10/15,2012,4,10,1,0,1,2,23.03,26.96,70.75,10.95,760,5115,5875
655,2012/10/16,2012,4,10,2,0,1,1,19.2,23.04,55.83,6.74,922,6612,7534
656,2012/10/17,2012,4,10,3,0,1,1,18.69,22.51,69.29,3.75,979,6482,7461
657,2012/10/18,2012,4,10,4,0,1,2,21.42,25.63,72.83,8.77,1008,6501,7509
658,2012/10/19,2012,4,10,5,0,1,2,23.1,26.89,81.5,4.99,753,4671,5424
659,2012/10/20,2012,4,10,6,0,0,1,19.85,23.64,57.29,4.35,2806,5284,8090
660,2012/10/21,2012,4,10,0,0,0,1,19.03,22.82,51,6.14,2132,4692,6824
661,2012/10/22,2012,4,10,1,0,1,1,19.99,24.15,56.83,3.01,830,6228,7058
662,2012/10/23,2012,4,10,2,0,1,1,22.31,26.52,64.17,3.5,841,6625,7466
663,2012/10/24,2012,4,10,3,0,1,1,24.09,27.94,63.63,2.69,795,6898,7693
664,2012/10/25,2012,4,10,4,0,1,2,22.55,26.48,80.04,4.6,875,6484,7359
665,2012/10/26,2012,4,10,5,0,1,2,22.38,26.14,80.71,4.9,1182,6262,7444
666,2012/10/27,2012,4,10,6,0,0,2,21.73,25.76,72,8.72,2643,5209,7852
667,2012/10/28,2012,4,10,0,0,0,2,19.58,23.39,69.46,14.73,998,3461,4459
668,2012/10/29,2012,4,10,1,0,1,3,18.04,21.97,88,13.25,2,20,22
669,2012/10/30,2012,4,10,2,0,1,2,13.05,15.5,82.55,7.88,87,1009,1096
670,2012/10/31,2012,4,10,3,0,1,2,14.66,18.06,66.67,6.17,419,5147,5566
671,2012/11/1,2012,4,11,4,0,1,2,15,18.5,58.17,5.82,466,5520,5986
672,2012/11/2,2012,4,11,5,0,1,1,14.56,17.8,52.21,9.85,618,5229,5847
673,2012/11/3,2012,4,11,6,0,0,2,14.08,16.19,49.13,10.01,1029,4109,5138
674,2012/11/4,2012,4,11,0,0,0,1,13.36,16.48,53.29,6.63,1201,3906,5107
675,2012/11/5,2012,4,11,1,0,1,1,13.09,15.4,49.42,8.74,378,4881,5259
676,2012/11/6,2012,4,11,2,0,1,1,11.51,14.08,56.71,6.42,466,5220,5686
677,2012/11/7,2012,4,11,3,0,1,2,12.13,13.73,54.75,11.25,326,4709,5035
678,2012/11/8,2012,4,11,4,0,1,1,14.44,17.09,33.35,12.87,340,4975,5315
679,2012/11/9,2012,4,11,5,0,1,1,14.83,17.77,54.08,7.94,709,5283,5992
680,2012/11/10,2012,4,11,6,0,0,1,15.96,19.7,64.54,2.14,2090,4446,6536
681,2012/11/11,2012,4,11,0,0,0,1,17.25,21.09,65.92,4.72,2290,4562,6852
682,2012/11/12,2012,4,11,1,1,0,1,19.89,23.77,74.17,6.42,1097,5172,6269
683,2012/11/13,2012,4,11,2,0,1,2,14.08,16.16,66.29,12.66,327,3767,4094
684,2012/11/14,2012,4,11,3,0,1,1,11.86,14.08,55.21,7.39,373,5122,5495
685,2012/11/15,2012,4,11,4,0,1,2,13.19,16.22,62.04,5.66,320,5125,5445
686,2012/11/16,2012,4,11,5,0,1,1,14.15,17.36,52.46,6.33,484,5214,5698
687,2012/11/17,2012,4,11,6,0,0,1,13.33,16.32,54.54,6.65,1313,4316,5629
688,2012/11/18,2012,4,11,0,0,0,1,14.04,16.89,69.29,8.42,922,3747,4669
689,2012/11/19,2012,4,11,1,0,1,2,15.61,18.78,62.33,8.7,449,5050,5499
690,2012/11/20,2012,4,11,2,0,1,2,15.34,19.03,68.5,3.06,534,5100,5634
691,2012/11/21,2012,4,11,3,0,1,1,14.49,18.24,61.38,3.82,615,4531,5146
692,2012/11/22,2012,4,11,4,1,0,1,13.94,17.52,58.04,1.96,955,1470,2425
693,2012/11/23,2012,4,11,5,0,1,1,15.1,18.94,56.88,5.48,1603,2307,3910
694,2012/11/24,2012,4,11,6,0,0,1,11.41,12.44,40.46,13.94,532,1745,2277
695,2012/11/25,2012,4,11,0,0,0,1,10.08,12.88,46.83,5.57,309,2115,2424
696,2012/11/26,2012,4,11,1,0,1,1,12.85,16.95,53.54,1.73,337,4750,5087
697,2012/11/27,2012,4,11,2,0,1,2,11.96,14.08,78.67,8.79,123,3836,3959
698,2012/11/28,2012,4,11,3,0,1,1,12.16,14.49,50.63,7.8,198,5062,5260
699,2012/11/29,2012,4,11,4,0,1,1,11.52,14.92,55.57,4.27,243,5080,5323
700,2012/11/30,2012,4,11,5,0,1,1,12.23,16.19,64.96,2.16,362,5306,5668
701,2012/12/1,2012,4,12,6,0,0,2,12.23,15.85,80.67,2.21,951,4240,5191
702,2012/12/2,2012,4,12,0,0,0,2,14.25,17.96,82.33,4.6,892,3757,4649
703,2012/12/3,2012,4,12,1,0,1,1,18.55,22.79,76.75,3.06,555,5679,6234
704,2012/12/4,2012,4,12,2,0,1,1,19.51,23.45,73.38,6.44,551,6055,6606
705,2012/12/5,2012,4,12,3,0,1,1,17.97,21.4,48.5,11.99,331,5398,5729
706,2012/12/6,2012,4,12,4,0,1,1,10.49,12.91,50.88,6.47,340,5035,5375
707,2012/12/7,2012,4,12,5,0,1,2,13.15,16.1,76.42,4.83,349,4659,5008
708,2012/12/8,2012,4,12,6,0,0,2,15.65,19.48,91.13,3.75,1153,4429,5582
709,2012/12/9,2012,4,12,0,0,0,2,15.75,19.51,90.54,5.85,441,2787,3228
710,2012/12/10,2012,4,12,1,0,1,2,17.87,21.78,92.5,7.04,329,4841,5170
711,2012/12/11,2012,4,12,2,0,1,2,14.49,16.92,59.67,10.95,282,5219,5501
712,2012/12/12,2012,4,12,3,0,1,2,12.2,14.87,53.83,6.03,310,5009,5319
713,2012/12/13,2012,4,12,4,0,1,1,12.13,14.71,48.58,6.44,425,5107,5532
714,2012/12/14,2012,4,12,5,0,1,1,11.55,14.71,64.29,4.86,429,5182,5611
715,2012/12/15,2012,4,12,6,0,0,1,13.29,16.92,65.04,3.93,767,4280,5047
716,2012/12/16,2012,4,12,0,0,0,2,14.86,18.5,83.88,3.73,538,3248,3786
717,2012/12/17,2012,4,12,1,0,1,2,16.13,20.08,90.71,3.64,212,4373,4585
718,2012/12/18,2012,4,12,2,0,1,1,16.84,20.49,66.63,8.19,433,5124,5557
719,2012/12/19,2012,4,12,3,0,1,1,13.63,17.11,62.54,6.81,333,4934,5267
720,2012/12/20,2012,4,12,4,0,1,2,13.53,16.76,66.79,4.9,314,3814,4128
721,2012/12/21,2012,1,12,5,0,1,2,13.39,15.09,55.67,13.85,221,3402,3623
722,2012/12/22,2012,1,12,6,0,0,1,10.9,11.81,44.13,15.07,205,1544,1749
723,2012/12/23,2012,1,12,0,0,0,1,10.08,12.97,51.54,4.92,408,1379,1787
724,2012/12/24,2012,1,12,1,0,1,2,9.48,12.95,79.13,2.86,174,746,920
725,2012/12/25,2012,1,12,2,1,0,2,11.94,14.72,73.48,6.24,440,573,1013
726,2012/12/26,2012,1,12,3,0,1,3,9.98,11.02,82.33,11.71,9,432,441
727,2012/12/27,2012,1,12,4,0,1,2,10.42,11.33,65.29,12.95,247,1867,2114
728,2012/12/28,2012,1,12,5,0,1,2,10.39,12.75,59,5.75,644,2451,3095
729,2012/12/29,2012,1,12,6,0,0,2,10.39,12.12,75.29,4.6,159,1182,1341
730,2012/12/30,2012,1,12,0,0,0,1,10.49,11.59,48.33,12.98,364,1432,1796
731,2012/12/31,2012,1,12,1,0,1,2,8.85,11.17,57.75,5.73,439,2290,2729
